epoch,train_loss,val_loss,train_acc_top1,val_acc_top1,train_acc_top5,val_acc_top5,learning_rate,batch_size,n_permutation_classes
1,1.8530229789870125,1.7889012689590453,0.17583705357142856,0.1979999998807907,0.8426339285714286,0.8524999990463257,0.0001,128,6
2,1.4636819677693502,0.6458170289993286,0.3833705357142857,0.7629999995231629,0.9287946428571429,0.9950000004768371,0.0001,128,6
