epoch,train_loss,val_loss,train_auc,val_auc,train_f1,val_f1,learning_rate,fold,encoder_learning_rate,head_learning_rate
1,-7.306984713306997e+16,0.7214374989271164,0.3742540494458653,0.501953125,0.12322274881516587,0.6666666666666666,1e-05,3,1e-05,0.0001
2,-1.44150493525118e+17,0.7863906174898148,0.6207482993197279,0.521484375,0.11764705882352941,0.6666666666666666,1e-05,3,1e-05,0.0001
3,-1.9908786797563814e+17,0.8634749054908752,0.7064633512389534,0.51953125,0.22568093385214008,0.6666666666666666,1e-05,3,1e-05,0.0001
4,-2.6921513791137123e+17,0.9246522486209869,0.5043062200956938,0.5166015625,0.12552301255230125,0.6666666666666666,1e-05,3,1e-05,0.0001
5,-3.5553520955601197e+17,1.011240929365158,0.571524064171123,0.5224609375,0.1774193548387097,0.6666666666666666,1e-05,3,1e-05,0.0001
6,-4.857085285622961e+17,1.152903363108635,,0.529296875,0.0,0.6666666666666666,1e-05,3,1e-05,0.0001
