epoch,train_loss,val_loss,learning_rate,masked_channel_index
1,0.6190355321478589,0.44239974284172057,0.0001,13
2,0.405664883156264,0.35546432828903196,0.0001,13
